id,first_name,last_name,email,card
1,DATOINVALIDO,Garza,DATO INVALIDO,DATO INVALIDO
3,Shane,Walsh,DATO INVALIDO,4916832150564848
4,Harry,DATO INVALIDO,DATO INVALIDO,DATO INVALIDO
5,Lori,Grimes,DATO INVALIDO,4916086162535946
6,Rachel,Stephens,DATO INVALIDO,DATO INVALIDO
8,Stephen,Gomez,DATO INVALIDO,DATO INVALIDO
9,DATOINVALIDO,Hawkins,DATO INVALIDO,DATO INVALIDO
DATO INVALIDO,INVALIDO,Cox,DATO INVALIDO,DATO INVALIDO
12,Brian,Diaz,DATO INVALIDO,DATO INVALIDO
14,Andrea,Collins,acollinsd@pcworld.com,DATO INVALIDO
DATO INVALIDO,INVALIDO,Hawkins,ghawkinse@disqus.com,DATO INVALIDO
16,Gary,Spencer,gspencerf@comsenz.com,DATO INVALIDO
17,Daryl,Dixon,fharrisong@lulu.com,DATO INVALIDO
18,Christopher,Jenkins,cjenkinsh@google.it,DATO INVALIDO
19,Carol,Peletier,mhamiltoni@mlb.com,DATO INVALIDO
20,Steven,Vasquez,svasquezj@amazonaws.com,DATO INVALIDO
21,Justin,Berry,DATO INVALIDO,DATO INVALIDO
22,Norma,Fowler,nfowlerl@thetimes.co.uk,DATO INVALIDO
23,Merle,Dixon,DATO INVALIDO,DATO INVALIDO
24,Carl,Palmer,cpalmern@oaic.gov.au,DATO INVALIDO
25,Amanda,Robertson,arobertsono@hugedomains.com,DATO INVALIDO
26,DATOINVALIDO,Morales,amoralesp@netvibes.com,DATO INVALIDO
27,Jean,Dixon,jdixonq@elegantthemes.com,DATO INVALIDO
28,Albert,Campbell,DATO INVALIDO,DATO INVALIDO
29,Morgan,Jones,mjones@seattletimes.com,DATO INVALIDO
30,Sharon,Harrison,sharrisont@chronoengine.com,DATO INVALIDO
32,Anna,Scott,ascottv@amazonaws.com,DATO INVALIDO
33,Janice,Nguyen,jnguyenw@netscape.com,DATO INVALIDO
34,Joshua,Hughes,jhughesx@hud.gov,DATO INVALIDO
35,Martha,Montgomery,mmontgomeryy@latimes.com,DATO INVALIDO
36,Gregory,Day,gdayz@youtube.com,DATO INVALIDO
38,Lisa,Gonzalez,DATO INVALIDO,DATO INVALIDO
39,Sharon,Woods,DATO INVALIDO,DATO INVALIDO
40,Marilyn,Reynolds,DATO INVALIDO,DATO INVALIDO
42,Ashley,Gardner,DATO INVALIDO,DATO INVALIDO
44,Gregory,Brooks,DATO INVALIDO,DATO INVALIDO
45,Ernest,Moreno,DATO INVALIDO,DATO INVALIDO
46,Betty,DATO INVALIDO,DATO INVALIDO,DATO INVALIDO
47,Rosita,Espinosa,DATO INVALIDO,4556373146002762
48,Craig,Cooper,DATO INVALIDO,DATO INVALIDO
49,Carl,Lewis,DATO INVALIDO,DATO INVALIDO
50,Pamela,Nichols,DATO INVALIDO,DATO INVALIDO
51,Jessica,Hayes,DATO INVALIDO,DATO INVALIDO
52,Donald,Duncan,DATO INVALIDO,DATO INVALIDO
DATO INVALIDO,INVALIDO,Porter,DATO INVALIDO,DATO INVALIDO
53,Eugene,Porter,DATO INVALIDO,DATO INVALIDO
